SYMBOL,SECTOR
A,Healthcare
AA,Basic Materials
AADI,Healthcare
AAL,Industrials
AAN,Industrials
AAOI,Technology
AAON,Industrials
AAP,Consumer Cyclical
AAPL,Technology
AAT,Real Estate
AB,Financial Services
ABAT,Basic Materials
ABBV,Healthcare
ABCB,Financial Services
ABCL,Healthcare
ABEV,Consumer Defensive
ABM,Industrials
ABNB,Consumer Cyclical
ABOS,Healthcare
ABR,Real Estate
ABSI,Healthcare
ABT,Healthcare
ABUS,Healthcare
ABVC,Healthcare
ACAD,Healthcare
ACCD,Healthcare
ACCO,Industrials
ACDC,Energy
ACET,Healthcare
ACGL,Financial Services
ACHC,Healthcare
ACHR,Industrials
ACI,Consumer Defensive
ACIC,Financial Services
ACIW,Technology
ACLS,Technology
ACLX,Healthcare
ACM,Industrials
ACMR,Technology
ACN,Technology
ACON,Healthcare
ACRE,Real Estate
ACRS,Healthcare
ACVA,Consumer Cyclical
ADBE,Technology
ADC,Real Estate
ADCT,Healthcare
ADEA,Technology
ADI,Technology
ADM,Consumer Defensive
ADMA,Healthcare
ADNT,Consumer Cyclical
ADP,Industrials
ADPT,Healthcare
ADSK,Technology
ADT,Industrials
ADTN,Technology
ADTX,Healthcare
ADV,Communication Services
AEE,Utilities
AEG,Financial Services
AEHR,Technology
AEL,Financial Services
AEM,Basic Materials
AEO,Consumer Cyclical
AEP,Utilities
AER,Industrials
AES,Utilities
AESI,Energy
AFL,Financial Services
AFRM,Technology
AG,Basic Materials
AGCO,Industrials
AGI,Basic Materials
AGIO,Healthcare
AGL,Healthcare
AGNC,Real Estate
AGR,Utilities
AGRO,Consumer Defensive
AHCO,Healthcare
AHH,Real Estate
AHT,Real Estate
AI,Technology
AIG,Financial Services
AIMD,Healthcare
AIRC,Real Estate
AISP,Technology
AIV,Real Estate
AIZ,Financial Services
AJG,Financial Services
AKAM,Technology
AKBA,Healthcare
AKR,Real Estate
AKRO,Healthcare
AL,Industrials
ALB,Basic Materials
ALC,Healthcare
ALDX,Healthcare
ALE,Utilities
ALEC,Healthcare
ALGM,Technology
ALGN,Healthcare
ALHC,Healthcare
ALIT,Technology
ALK,Industrials
ALKS,Healthcare
ALKT,Technology
ALL,Financial Services
ALLE,Industrials
ALLK,Healthcare
ALLO,Healthcare
ALLY,Financial Services
ALNY,Healthcare
ALPN,Healthcare
ALSN,Consumer Cyclical
ALT,Healthcare
ALTM,Basic Materials
ALTO,Basic Materials
ALTR,Technology
ALV,Consumer Cyclical
ALXO,Healthcare
AM,Energy
AMAM,Healthcare
AMAT,Technology
AMBA,Technology
AMBC,Financial Services
AMBP,Consumer Cyclical
AMC,Communication Services
AMCR,Consumer Cyclical
AMCX,Communication Services
AMD,Technology
AME,Industrials
AMGN,Healthcare
AMH,Real Estate
AMKR,Technology
AMLI,Basic Materials
AMLX,Healthcare
AMN,Healthcare
AMP,Financial Services
AMPE,Healthcare
AMPH,Healthcare
AMPL,Technology
AMPS,Utilities
AMPX,Industrials
AMPY,Energy
AMRC,Industrials
AMRX,Healthcare
AMSC,Industrials
AMT,Real Estate
AMTX,Energy
AMWL,Healthcare
AMX,Communication Services
AMZN,Consumer Cyclical
AN,Consumer Cyclical
ANET,Technology
ANF,Consumer Cyclical
ANGI,Communication Services
ANGO,Healthcare
ANNX,Healthcare
ANSS,Technology
ANVS,Healthcare
ANY,Technology
AON,Financial Services
AOS,Industrials
APA,Energy
APAM,Financial Services
APD,Basic Materials
APG,Industrials
APH,Technology
API,Technology
APLD,Financial Services
APLE,Real Estate
APLS,Healthcare
APLT,Healthcare
APO,Financial Services
APP,Technology
APPN,Technology
APPS,Technology
APTV,Consumer Cyclical
AQN,Utilities
AQST,Healthcare
AR,Energy
ARAY,Healthcare
ARBB,Technology
ARBK,Financial Services
ARCC,Financial Services
ARCO,Consumer Cyclical
ARCT,Healthcare
ARDX,Healthcare
ARE,Real Estate
ARES,Financial Services
ARGX,Healthcare
ARHS,Consumer Cyclical
ARI,Real Estate
ARLO,Industrials
ARLP,Energy
ARMK,Industrials
AROC,Energy
ARQT,Healthcare
ARR,Real Estate
ARRY,Technology
ARVN,Healthcare
ARW,Technology
ARWR,Healthcare
ASAI,Consumer Defensive
ASAN,Technology
ASB,Financial Services
ASC,Industrials
ASH,Basic Materials
ASLE,Industrials
ASML,Technology
ASND,Healthcare
ASO,Consumer Cyclical
ASPN,Industrials
ASTL,Basic Materials
ASTR,Industrials
ASTS,Technology
ASX,Technology
ATAI,Healthcare
ATAT,Consumer Cyclical
ATEN,Technology
ATGE,Consumer Defensive
ATHA,Healthcare
ATHE,Healthcare
ATHM,Communication Services
ATI,Industrials
ATKR,Industrials
ATO,Utilities
ATRC,Healthcare
ATSG,Industrials
ATUS,Communication Services
ATXS,Healthcare
AU,Basic Materials
AUB,Financial Services
AULT,Industrials
AUPH,Healthcare
AUR,Technology
AUTL,Healthcare
AUVI,Consumer Cyclical
AVA,Utilities
AVB,Real Estate
AVDL,Healthcare
AVDX,Technology
AVGO,Technology
AVIR,Healthcare
AVNS,Healthcare
AVNT,Basic Materials
AVPT,Technology
AVT,Technology
AVTR,Basic Materials
AVXL,Healthcare
AVY,Consumer Cyclical
AWI,Industrials
AWK,Utilities
AWP,Financial Services
AX,Financial Services
AXGN,Healthcare
AXL,Consumer Cyclical
AXNX,Healthcare
AXON,Industrials
AXP,Financial Services
AXS,Financial Services
AXSM,Healthcare
AXTA,Basic Materials
AY,Utilities
AYX,Technology
AZEK,Industrials
AZN,Healthcare
AZTA,Healthcare
AZUL,Industrials
B,Industrials
BA,Industrials
BABA,Consumer Cyclical
BAC,Financial Services
BACK,Healthcare
BAH,Industrials
BAK,Basic Materials
BALL,Consumer Cyclical
BALY,Consumer Cyclical
BAM,Financial Services
BANC,Financial Services
BASE,Technology
BAX,Healthcare
BB,Technology
BBAI,Technology
BBAR,Financial Services
BBD,Financial Services
BBDC,Financial Services
BBIO,Healthcare
BBVA,Financial Services
BBWI,Consumer Cyclical
BBY,Consumer Cyclical
BC,Consumer Cyclical
BCAB,Healthcare
BCAT,ERROR
BCE,Communication Services
BCRX,Healthcare
BCS,Financial Services
BCX,Financial Services
BCYC,Healthcare
BDJ,Financial Services
BDN,Real Estate
BDTX,Healthcare
BDX,Healthcare
BE,Industrials
BEAM,Healthcare
BEAT,Healthcare
BECN,Industrials
BEKE,Real Estate
BEN,Financial Services
BEP,Utilities
BEPC,Utilities
BERY,Consumer Cyclical
BETS,Financial Services
BFH,Financial Services
BFLY,Healthcare
BFRG,Healthcare
BG,Consumer Defensive
BGC,Financial Services
BGFV,Consumer Cyclical
BGS,Consumer Defensive
BHC,Healthcare
BHP,Basic Materials
BHVN,Healthcare
BIDU,Communication Services
BIG,Consumer Defensive
BIGC,Technology
BIGZ,Financial Services
BIIB,Healthcare
BILI,Communication Services
BILL,Technology
BIOR,Healthcare
BIP,Utilities
BIPC,Utilities
BIRD,Consumer Cyclical
BITF,Financial Services
BIVI,Healthcare
BJ,Consumer Defensive
BJRI,Consumer Cyclical
BK,Financial Services
BKD,Healthcare
BKE,Consumer Cyclical
BKH,Utilities
BKKT,Technology
BKR,Energy
BKSY,Technology
BKU,Financial Services
BL,Technology
BLBD,Consumer Cyclical
BLCO,Healthcare
BLDE,Industrials
BLDP,Industrials
BLDR,Industrials
BLFS,Healthcare
BLK,Financial Services
BLMN,Consumer Cyclical
BLND,Technology
BLNK,Industrials
BLUE,Healthcare
BMA,Financial Services
BMBL,Technology
BMEA,Healthcare
BMEZ,ERROR
BMO,Financial Services
BMRN,Healthcare
BMY,Healthcare
BN,Financial Services
BNED,Consumer Cyclical
BNGO,Healthcare
BNL,Real Estate
BNS,Financial Services
BNTX,Healthcare
BNZI,Technology
BOH,Financial Services
BOOT,Consumer Cyclical
BORR,Energy
BOWL,Consumer Cyclical
BOX,Technology
BP,Energy
BPMC,Healthcare
BPOP,Financial Services
BR,Technology
BRBR,Consumer Defensive
BRC,Industrials
BRCC,Consumer Defensive
BRFS,Consumer Defensive
BRKL,Financial Services
BRKR,Healthcare
BRO,Financial Services
BROS,Consumer Cyclical
BRP,Financial Services
BRSP,Real Estate
BRX,Real Estate
BRY,Energy
BRZE,Technology
BSAC,Financial Services
BSBR,Financial Services
BSM,Energy
BSTZ,Financial Services
BSX,Healthcare
BSY,Technology
BTAI,Healthcare
BTBT,Financial Services
BTCS,Financial Services
BTDR,Technology
BTE,Energy
BTG,Basic Materials
BTI,Consumer Defensive
BTM,Financial Services
BTU,Energy
BTZ,Financial Services
BUD,Consumer Defensive
BUR,Financial Services
BURL,Consumer Cyclical
BV,Industrials
BVN,Basic Materials
BW,Industrials
BWA,Consumer Cyclical
BWXT,Industrials
BX,Financial Services
BXMT,Real Estate
BXP,Real Estate
BXSL,Financial Services
BYD,Consumer Cyclical
BYND,Consumer Defensive
BYON,Consumer Cyclical
BZ,Industrials
BZH,Consumer Cyclical
BZUN,Consumer Cyclical
C,Financial Services
CABA,Healthcare
CADE,Financial Services
CADL,Healthcare
CAG,Consumer Defensive
CAH,Healthcare
CAKE,Consumer Cyclical
CAL,Consumer Cyclical
CALM,Consumer Defensive
CALX,Technology
CAMT,Technology
CAN,Technology
CANO,Healthcare
CAR,Industrials
CARG,Consumer Cyclical
CARR,Industrials
CARS,Consumer Cyclical
CAT,Industrials
CAUD,Technology
CAVA,Consumer Cyclical
CB,Financial Services
CBAY,Healthcare
CBRE,Real Estate
CBRL,Consumer Cyclical
CBSH,Financial Services
CC,Basic Materials
CCCC,Healthcare
CCCS,Technology
CCEP,Consumer Defensive
CCI,Real Estate
CCJ,Energy
CCK,Consumer Cyclical
CCL,Consumer Cyclical
CCO,Communication Services
CDAY,Technology
CDE,Basic Materials
CDIO,Healthcare
CDLX,Communication Services
CDMO,Healthcare
CDNA,Healthcare
CDNS,Technology
CDP,Real Estate
CDW,Technology
CDXS,Healthcare
CE,Basic Materials
CEG,Utilities
CEIX,Energy
CELH,Consumer Defensive
CENX,Basic Materials
CEPU,Utilities
CERE,Healthcare
CERS,Healthcare
CERT,Healthcare
CF,Basic Materials
CFFN,Financial Services
CFG,Financial Services
CFLT,Technology
CFR,Financial Services
CG,Financial Services
CGC,Healthcare
CGEN,Healthcare
CGNT,Technology
CGNX,Technology
CHD,Consumer Defensive
CHEF,Consumer Defensive
CHGG,Consumer Defensive
CHH,Consumer Cyclical
CHK,Energy
CHKP,Technology
CHMI,Real Estate
CHPT,Consumer Cyclical
CHRD,Energy
CHRS,Healthcare
CHRW,Industrials
CHSN,Consumer Cyclical
CHTR,Communication Services
CHWY,Consumer Cyclical
CHX,Energy
CI,Healthcare
CIEN,Technology
CIFR,Financial Services
CIG,Utilities
CIM,Real Estate
CINF,Financial Services
CING,Healthcare
CIVI,Energy
CKPT,Healthcare
CL,Consumer Defensive
CLAR,Consumer Cyclical
CLB,Energy
CLBT,Technology
CLDX,Healthcare
CLF,Basic Materials
CLM,Financial Services
CLNE,Energy
CLRB,Healthcare
CLS,Technology
CLSK,Financial Services
CLVT,Technology
CLX,Consumer Defensive
CM,Financial Services
CMA,Financial Services
CMC,Basic Materials
CMCSA,Communication Services
CME,Financial Services
CMI,Industrials
CMND,Healthcare
CMP,Basic Materials
CMPS,Healthcare
CMPX,Healthcare
CMRE,Industrials
CMS,Utilities
CMTG,Real Estate
CMTL,Technology
CNC,Healthcare
CNDT,Technology
CNHI,Industrials
CNI,Industrials
CNK,Communication Services
CNM,Industrials
CNMD,Healthcare
CNNE,Consumer Cyclical
CNO,Financial Services
CNP,Utilities
CNQ,Energy
CNSL,Communication Services
CNTB,Healthcare
CNX,Energy
CNXC,Technology
COCO,Consumer Defensive
COF,Financial Services
COGT,Healthcare
COHR,Technology
COIN,Financial Services
COLB,Financial Services
COLD,Real Estate
COLL,Healthcare
COMM,Technology
COMP,Real Estate
COOK,Consumer Cyclical
COOP,Financial Services
COP,Energy
COR,Healthcare
CORT,Healthcare
COST,Consumer Defensive
COTY,Consumer Defensive
COUR,Consumer Defensive
CP,Industrials
CPB,Consumer Defensive
CPE,Energy
CPG,Energy
CPNG,Consumer Cyclical
CPRI,Consumer Cyclical
CPRT,Industrials
CPRX,Healthcare
CPT,Real Estate
CRBG,Financial Services
CRBP,Healthcare
CRBU,Healthcare
CRC,Energy
CRCT,Technology
CRDO,Technology
CRF,Financial Services
CRGY,Energy
CRH,Basic Materials
CRI,Consumer Cyclical
CRK,Energy
CRL,Healthcare
CRM,Technology
CRMD,Healthcare
CRNC,Technology
CRNT,Technology
CRNX,Healthcare
CRON,Healthcare
CROX,Consumer Cyclical
CRS,Industrials
CRSP,Healthcare
CRSR,Technology
CRWD,Technology
CSCO,Technology
CSGP,Real Estate
CSIQ,Technology
CSTM,Basic Materials
CSWC,Financial Services
CSX,Industrials
CTAS,Industrials
CTKB,Healthcare
CTLT,Healthcare
CTMX,Healthcare
CTOS,Industrials
CTRA,Energy
CTRE,Real Estate
CTSH,Technology
CTVA,Basic Materials
CUBE,Real Estate
CUBI,Financial Services
CUE,Healthcare
CUK,Consumer Cyclical
CUTR,Healthcare
CUZ,Real Estate
CVAC,Healthcare
CVBF,Financial Services
CVE,Energy
CVI,Energy
CVM,Healthcare
CVNA,Consumer Cyclical
CVS,Healthcare
CVX,Energy
CWAN,Technology
CWEN,Utilities
CWH,Consumer Cyclical
CWK,Real Estate
CX,Basic Materials
CXAI,Technology
CXM,Technology
CXT,Industrials
CXW,Industrials
CYBR,Technology
CYH,Healthcare
CYRX,Industrials
CYTK,Healthcare
CYTO,Healthcare
CZR,Consumer Cyclical
D,Utilities
DADA,Consumer Cyclical
DAKT,Technology
DAL,Industrials
DAN,Consumer Cyclical
DAR,Consumer Defensive
DASH,Communication Services
DATS,Technology
DAWN,Healthcare
DB,Financial Services
DBI,Consumer Cyclical
DBRG,Real Estate
DBX,Technology
DCGO,Healthcare
DCI,Industrials
DCPH,Healthcare
DD,Basic Materials
DDD,Technology
DDL,Consumer Defensive
DDOG,Technology
DE,Industrials
DEA,Real Estate
DEI,Real Estate
DELL,Technology
DENN,Consumer Cyclical
DEO,Consumer Defensive
DERM,Healthcare
DESP,Consumer Cyclical
DFH,Consumer Cyclical
DFS,Financial Services
DG,Consumer Defensive
DGX,Healthcare
DH,Healthcare
DHC,Real Estate
DHF,Financial Services
DHI,Consumer Cyclical
DHR,Healthcare
DHT,Energy
DHY,Financial Services
DINO,Energy
DIOD,Technology
DIS,Communication Services
DK,Energy
DKNG,Consumer Cyclical
DKS,Consumer Cyclical
DLB,Industrials
DLO,Technology
DLR,Real Estate
DLTR,Consumer Defensive
DMTK,Healthcare
DNA,Healthcare
DNB,Financial Services
DNLI,Healthcare
DNN,Energy
DNOW,Industrials
DNP,Financial Services
DNUT,Consumer Defensive
DO,Energy
DOC,Real Estate
DOCN,Technology
DOCS,Healthcare
DOCU,Technology
DOLE,Consumer Defensive
DOMO,Technology
DOOR,Industrials
DOUG,Real Estate
DOV,Industrials
DOW,Basic Materials
DOX,Technology
DPZ,Consumer Cyclical
DQ,Technology
DRCT,Communication Services
DRD,Basic Materials
DRH,Real Estate
DRI,Consumer Cyclical
DRS,Industrials
DRVN,Consumer Cyclical
DSKE,Industrials
DSL,Financial Services
DSX,Industrials
DT,Technology
DTC,Consumer Cyclical
DTE,Utilities
DTM,Energy
DUK,Utilities
DUOL,Technology
DV,Technology
DVA,Healthcare
DVAX,Healthcare
DVN,Energy
DWAC,Financial Services
DX,Real Estate
DXC,Technology
DXCM,Healthcare
DXLG,Consumer Cyclical
DYN,Healthcare
EA,Communication Services
EAF,Industrials
EAT,Consumer Cyclical
EB,Technology
EBAY,Consumer Cyclical
EBC,Financial Services
EBR,Utilities
EBS,Healthcare
EC,Energy
ECAT,ERROR
ECC,Financial Services
ECL,Basic Materials
ECVT,Basic Materials
ED,Utilities
EDIT,Healthcare
EDR,Communication Services
EDU,Consumer Defensive
EFC,Real Estate
EFX,Industrials
EG,Financial Services
EGHT,Technology
EGO,Basic Materials
EGY,Energy
EH,Industrials
EHAB,Healthcare
EHC,Healthcare
EHTH,Financial Services
EIX,Utilities
EL,Consumer Defensive
ELAN,Healthcare
ELF,Consumer Defensive
ELME,Real Estate
ELP,Utilities
ELS,Real Estate
ELV,Healthcare
EMBC,Healthcare
EMN,Basic Materials
EMR,Industrials
ENB,Energy
ENIC,Utilities
ENLC,Energy
ENOV,Industrials
ENPH,Technology
ENR,Industrials
ENSC,Healthcare
ENTG,Technology
ENV,Technology
ENVX,Industrials
EOG,Energy
EOLS,Healthcare
EPAM,Technology
EPC,Consumer Defensive
EPD,Energy
EPM,Energy
EPR,Real Estate
EPRT,Real Estate
EQC,Real Estate
EQH,Financial Services
EQIX,Real Estate
EQNR,Energy
EQR,Real Estate
EQT,Energy
EQX,Basic Materials
ERAS,Healthcare
ERF,Energy
ERIC,Technology
ERII,Industrials
ERJ,Industrials
ES,Utilities
ESI,Basic Materials
ESNT,Financial Services
ESPR,Healthcare
ESRT,Real Estate
ESS,Real Estate
ESTA,Healthcare
ESTC,Technology
ET,Energy
ETN,Industrials
ETNB,Healthcare
ETR,Utilities
ETRN,Energy
ETSY,Consumer Cyclical
ETW,Financial Services
ETWO,Technology
EU,Energy
EURN,Energy
EVAX,Healthcare
EVBG,Technology
EVGO,Consumer Cyclical
EVH,Healthcare
EVLV,Industrials
EVRG,Utilities
EVRI,Consumer Cyclical
EW,Healthcare
EWBC,Financial Services
EWCZ,Consumer Defensive
EWTX,Healthcare
EXAI,Healthcare
EXAS,Healthcare
EXC,Utilities
EXEL,Healthcare
EXFY,Technology
EXG,Financial Services
EXK,Basic Materials
EXLS,Technology
EXPD,Industrials
EXPE,Consumer Cyclical
EXPI,Real Estate
EXR,Real Estate
EXTR,Technology
EYE,Consumer Cyclical
EYEN,Healthcare
EYPT,Healthcare
F,Consumer Cyclical
FAF,Financial Services
FANG,Energy
FAST,Industrials
FATE,Healthcare
FAX,Financial Services
FBIN,Industrials
FBIO,Healthcare
FBP,Financial Services
FCEL,Industrials
FCF,Financial Services
FCPT,Real Estate
FCX,Basic Materials
FDMT,Healthcare
FDX,Industrials
FE,Utilities
FERG,Industrials
FFBC,Financial Services
FFIN,Financial Services
FFIV,Technology
FFWM,Financial Services
FHB,Financial Services
FHI,Financial Services
FHN,Financial Services
FI,Technology
FIBK,Financial Services
FIGS,Consumer Cyclical
FIHL,Financial Services
FINV,Financial Services
FIP,Industrials
FIS,Technology
FITB,Financial Services
FIVE,Consumer Cyclical
FIVN,Technology
FIX,Industrials
FL,Consumer Cyclical
FLEX,Technology
FLNC,Utilities
FLO,Consumer Defensive
FLR,Industrials
FLS,Industrials
FLT,Technology
FLWS,Consumer Cyclical
FLYW,Technology
FMC,Basic Materials
FMS,Healthcare
FMX,Consumer Defensive
FNA,Healthcare
FNB,Financial Services
FND,Consumer Cyclical
FNF,Financial Services
FNGR,Communication Services
FNKO,Consumer Cyclical
FNV,Basic Materials
FOLD,Healthcare
FORM,Technology
FOSL,Consumer Cyclical
FOUR,Technology
FOX,Communication Services
FOXA,Communication Services
FPI,Real Estate
FR,Real Estate
FREY,Industrials
FRGE,Technology
FRO,Energy
FROG,Technology
FRPT,Consumer Defensive
FRSH,Technology
FRT,Real Estate
FSCO,Financial Services
FSK,Financial Services
FSLR,Technology
FSLY,Technology
FSM,Basic Materials
FSP,Real Estate
FTAI,Industrials
FTDR,Consumer Cyclical
FTI,Energy
FTNT,Technology
FTRE,Healthcare
FTS,Utilities
FTV,Technology
FUBO,Communication Services
FULC,Healthcare
FULT,Financial Services
FUSN,Healthcare
FUTU,Financial Services
FVRR,Communication Services
FWBI,Healthcare
FWONK,Communication Services
FWRD,Industrials
FYBR,Communication Services
G,Technology
GAB,Financial Services
GAN,Consumer Cyclical
GBCI,Financial Services
GBDC,Financial Services
GBIO,Healthcare
GCI,Communication Services
GCT,Technology
GD,Industrials
GDDY,Technology
GDOT,Financial Services
GDRX,Healthcare
GDS,Technology
GE,Industrials
GEHC,Healthcare
GEL,Energy
GEN,Technology
GENI,Communication Services
GEO,Industrials
GERN,Healthcare
GES,Consumer Cyclical
GFF,Industrials
GFI,Basic Materials
GFL,Industrials
GFS,Technology
GGAL,Financial Services
GGB,Basic Materials
GGG,Industrials
GGN,Financial Services
GH,Healthcare
GIII,Consumer Cyclical
GIL,Consumer Cyclical
GILD,Healthcare
GIS,Consumer Defensive
GKOS,Healthcare
GL,Financial Services
GLBE,Consumer Cyclical
GLNG,Energy
GLOB,Technology
GLP,Energy
GLPI,Real Estate
GLW,Technology
GM,Consumer Cyclical
GMAB,Healthcare
GMBL,Consumer Cyclical
GME,Consumer Cyclical
GMED,Healthcare
GNK,Industrials
GNL,Real Estate
GNRC,Industrials
GNTX,Consumer Cyclical
GNW,Financial Services
GO,Consumer Defensive
GOF,Financial Services
GOGL,Industrials
GOGO,Communication Services
GOL,Industrials
GOLD,Basic Materials
GOOG,Communication Services
GOOGL,Communication Services
GOOS,Consumer Cyclical
GOTU,Consumer Defensive
GPC,Consumer Cyclical
GPCR,Healthcare
GPK,Consumer Cyclical
GPMT,Real Estate
GPN,Industrials
GPRE,Basic Materials
GPRK,Energy
GPRO,Technology
GPS,Consumer Cyclical
GRAB,Technology
GRCL,Healthcare
GREE,Financial Services
GRFS,Healthcare
GRMN,Technology
GRND,Technology
GRNT,Energy
GROY,Basic Materials
GRPN,Communication Services
GRTS,Healthcare
GRWG,Consumer Cyclical
GS,Financial Services
GSAT,Communication Services
GSBD,Financial Services
GSK,Healthcare
GSL,Industrials
GSM,Basic Materials
GT,Consumer Cyclical
GTE,Energy
GTES,Industrials
GTHX,Healthcare
GTLB,Technology
GTLS,Industrials
GTN,Communication Services
GTX,Consumer Cyclical
GTY,Real Estate
GVA,Industrials
GWH,Industrials
GWRE,Technology
GXO,Industrials
H,Consumer Cyclical
HA,Industrials
HAIN,Consumer Defensive
HAL,Energy
HALO,Healthcare
HARP,Healthcare
HAS,Consumer Cyclical
HASI,Real Estate
HAYW,Industrials
HBAN,Financial Services
HBI,Consumer Cyclical
HBM,Basic Materials
HCA,Healthcare
HCAT,Healthcare
HCC,Basic Materials
HCP,Technology
HCSG,Healthcare
HD,Consumer Cyclical
HDB,Financial Services
HE,Utilities
HEI,Industrials
HEPS,Consumer Cyclical
HES,Energy
HESM,Energy
HFRO,Financial Services
HGV,Consumer Cyclical
HI,Industrials
HIG,Financial Services
HIMS,Consumer Defensive
HIMX,Technology
HIVE,Financial Services
HIW,Real Estate
HL,Basic Materials
HLF,Consumer Defensive
HLI,Financial Services
HLIT,Technology
HLMN,Industrials
HLN,Healthcare
HLP,Basic Materials
HLT,Consumer Cyclical
HLX,Energy
HMC,Consumer Cyclical
HMST,Financial Services
HMY,Basic Materials
HNRG,Energy
HNST,Consumer Defensive
HOG,Consumer Cyclical
HOLI,Industrials
HOLX,Healthcare
HOMB,Financial Services
HON,Industrials
HOOD,Financial Services
HOPE,Financial Services
HOTH,Healthcare
HOUS,Real Estate
HP,Energy
HPE,Technology
HPK,Energy
HPP,Real Estate
HPQ,Technology
HQY,Healthcare
HR,Real Estate
HRB,Consumer Cyclical
HRL,Consumer Defensive
HRMY,Healthcare
HROW,Healthcare
HRTG,Financial Services
HRTX,Healthcare
HSAI,Consumer Cyclical
HSBC,Financial Services
HSIC,Healthcare
HST,Real Estate
HSY,Consumer Defensive
HTBK,Financial Services
HTGC,Financial Services
HTH,Financial Services
HTHT,Consumer Cyclical
HTZ,Industrials
HUBC,Technology
HUBG,Industrials
HUBS,Technology
HUM,Healthcare
HUMA,Healthcare
HUN,Basic Materials
HUT,Financial Services
HUYA,Communication Services
HWC,Financial Services
HWM,Industrials
HXL,Industrials
HYT,Financial Services
IAC,Communication Services
IAG,Basic Materials
IART,Healthcare
IAS,Communication Services
IAUX,Basic Materials
IBKR,Financial Services
IBM,Technology
IBN,Financial Services
IBRX,Healthcare
ICCT,Healthcare
ICE,Financial Services
ICL,Basic Materials
ICLR,Healthcare
ICVX,Healthcare
IDCC,Technology
IDXX,Healthcare
IDYA,Healthcare
IE,Basic Materials
IEP,Energy
IEX,Industrials
IFF,Basic Materials
IGR,Financial Services
IGT,Consumer Cyclical
IHRT,Communication Services
IHS,Communication Services
ILMN,Healthcare
ILPT,Real Estate
IMAB,Healthcare
IMAX,Communication Services
IMCR,Healthcare
IMGN,Healthcare
IMNM,Healthcare
IMO,Energy
IMPP,Energy
IMTX,Healthcare
IMUX,Healthcare
IMVT,Healthcare
INAB,Healthcare
INBX,Healthcare
INCY,Healthcare
INDI,Technology
INFA,Technology
INFN,Technology
INFY,Technology
ING,Financial Services
INGN,Healthcare
INMD,Healthcare
INN,Real Estate
INO,Healthcare
INOD,Technology
INSM,Healthcare
INSP,Healthcare
INSW,Energy
INTA,Technology
INTC,Technology
INTR,Financial Services
INTS,Healthcare
INTU,Technology
INVA,Healthcare
INVH,Real Estate
INVZ,Consumer Cyclical
INZY,Healthcare
IONQ,Technology
IONS,Healthcare
IOT,Technology
IOVA,Healthcare
IP,Consumer Cyclical
IPG,Communication Services
IQ,Communication Services
IQV,Healthcare
IR,Industrials
IRBT,Consumer Cyclical
IRDM,Communication Services
IREN,Financial Services
IRM,Real Estate
IRT,Real Estate
IRWD,Healthcare
ISRG,Healthcare
IT,Technology
ITCI,Healthcare
ITUB,Financial Services
ITW,Industrials
IVR,Real Estate
IVVD,Healthcare
IVZ,Financial Services
IZM,Technology
J,Industrials
JACK,Consumer Cyclical
JAMF,Technology
JAZZ,Healthcare
JBGS,Real Estate
JBHT,Industrials
JBI,Industrials
JBL,Technology
JBLU,Industrials
JCI,Industrials
JD,Consumer Cyclical
JEF,Financial Services
JELD,Industrials
JFR,Financial Services
JHG,Financial Services
JKHY,Technology
JKS,Technology
JMIA,Consumer Cyclical
JNJ,Healthcare
JNPR,Technology
JOBY,Industrials
JPC,Financial Services
JPM,Financial Services
JQC,Financial Services
JRVR,Financial Services
JTAI,Technology
JWN,Consumer Cyclical
JXN,Financial Services
K,Consumer Defensive
KALV,Healthcare
KAR,Consumer Cyclical
KBH,Consumer Cyclical
KBR,Industrials
KC,Technology
KD,Technology
KDP,Consumer Defensive
KEX,Industrials
KEY,Financial Services
KEYS,Technology
KFY,Industrials
KGC,Basic Materials
KGS,Energy
KHC,Consumer Defensive
KIM,Real Estate
KIND,Communication Services
KKR,Financial Services
KLAC,Technology
KLIC,Technology
KMB,Consumer Defensive
KMI,Energy
KMPR,Financial Services
KMT,Industrials
KMX,Consumer Cyclical
KN,Technology
KNF,Basic Materials
KNSA,Healthcare
KNTE,Healthcare
KNTK,Energy
KNX,Industrials
KO,Consumer Defensive
KOD,Healthcare
KODK,Industrials
KOPN,Technology
KOS,Energy
KR,Consumer Defensive
KRC,Real Estate
KREF,Real Estate
KRG,Real Estate
KRNT,Industrials
KROS,Healthcare
KRP,Energy
KRTX,Healthcare
KSS,Consumer Cyclical
KT,Communication Services
KTB,Consumer Cyclical
KTOS,Industrials
KURA,Healthcare
KVUE,Consumer Defensive
KW,Real Estate
KYMR,Healthcare
KYN,Financial Services
L,Financial Services
LAAC,Basic Materials
LAB,Healthcare
LADR,Real Estate
LAES,Technology
LAMR,Real Estate
LAUR,Consumer Defensive
LAZ,Financial Services
LAZR,Consumer Cyclical
LBPH,Healthcare
LBRDK,Communication Services
LBRT,Energy
LBTYA,Communication Services
LBTYK,Communication Services
LC,Financial Services
LCID,Consumer Cyclical
LCTX,Healthcare
LDI,Financial Services
LDOS,Technology
LEA,Consumer Cyclical
LEG,Consumer Cyclical
LEGN,Healthcare
LEN,Consumer Cyclical
LESL,Consumer Cyclical
LEV,Industrials
LEVI,Consumer Cyclical
LFMD,Healthcare
LFST,Healthcare
LGMK,Healthcare
LGVN,Healthcare
LH,Healthcare
LHX,Industrials
LI,Consumer Cyclical
LIFE,Healthcare
LIFW,Healthcare
LILAK,Communication Services
LIN,Basic Materials
LIND,Consumer Cyclical
LITE,Technology
LIVN,Healthcare
LKQ,Consumer Cyclical
LLY,Healthcare
LLYVK,Communication Services
LMND,Financial Services
LMT,Industrials
LNC,Financial Services
LNG,Energy
LNT,Utilities
LNTH,Healthcare
LNW,Consumer Cyclical
LOGI,Technology
LOVE,Consumer Cyclical
LOW,Consumer Cyclical
LPG,Energy
LPL,Technology
LPLA,Financial Services
LPRO,Financial Services
LPSN,Technology
LPX,Industrials
LQDA,Healthcare
LQR,Consumer Defensive
LRCX,Technology
LRN,Consumer Defensive
LSCC,Technology
LSPD,Technology
LSXMA,Communication Services
LSXMK,Communication Services
LTH,Consumer Cyclical
LTRY,Consumer Cyclical
LU,Financial Services
LULU,Consumer Cyclical
LUMN,Communication Services
LUNR,Industrials
LUV,Industrials
LUXH,Consumer Cyclical
LVS,Consumer Cyclical
LVTX,Healthcare
LW,Consumer Defensive
LWLG,Basic Materials
LX,Financial Services
LXP,Real Estate
LXRX,Healthcare
LXU,Basic Materials
LYB,Basic Materials
LYEL,Healthcare
LYFT,Technology
LYG,Financial Services
LYV,Communication Services
LZ,Industrials
LZB,Consumer Cyclical
M,Consumer Cyclical
MA,Financial Services
MAA,Real Estate
MAC,Real Estate
MAG,Basic Materials
MAIA,Healthcare
MAIN,Financial Services
MAMA,Consumer Defensive
MANH,Technology
MANU,Communication Services
MAR,Consumer Cyclical
MARA,Financial Services
MAS,Industrials
MASI,Healthcare
MAT,Consumer Cyclical
MATV,Basic Materials
MATX,Industrials
MAXN,Technology
MBC,Consumer Cyclical
MBI,Financial Services
MBLY,Consumer Cyclical
MBOT,ERROR
MC,Financial Services
MCD,Consumer Cyclical
MCHP,Technology
MCK,Healthcare
MCO,Financial Services
MCRB,Healthcare
MCS,Communication Services
MCW,Consumer Cyclical
MD,Healthcare
MDAI,Healthcare
MDB,Technology
MDC,Consumer Cyclical
MDLZ,Consumer Defensive
MDRX,Healthcare
MDT,Healthcare
MDU,Industrials
MDXG,Healthcare
MET,Financial Services
META,Communication Services
METC,Basic Materials
MFA,Real Estate
MFC,Financial Services
MFG,Financial Services
MGA,Consumer Cyclical
MGM,Consumer Cyclical
MGNI,Communication Services
MGNX,Healthcare
MGY,Energy
MHK,Consumer Cyclical
MIGI,Financial Services
MINM,Technology
MIR,Industrials
MIRM,Healthcare
MIST,Healthcare
MITK,Technology
MKC,Consumer Defensive
MKSI,Technology
MLCO,Consumer Cyclical
MLEC,Healthcare
MLI,Industrials
MLKN,Consumer Cyclical
MLTX,Healthcare
MMC,Financial Services
MMM,Industrials
MMS,Industrials
MMSI,Healthcare
MMYT,Consumer Cyclical
MNDY,Technology
MNKD,Healthcare
MNMD,Healthcare
MNRO,Consumer Cyclical
MNSO,Consumer Cyclical
MNST,Consumer Defensive
MO,Consumer Defensive
MOD,Consumer Cyclical
MODG,Consumer Cyclical
MODN,Technology
MOH,Healthcare
MOMO,Communication Services
MOR,Healthcare
MORF,Healthcare
MOS,Basic Materials
MP,Basic Materials
MPC,Energy
MPLN,Healthcare
MPLX,Energy
MPU,Industrials
MPW,Real Estate
MPWR,Technology
MQ,Technology
MRAI,Healthcare
MRC,Energy
MRCY,Industrials
MREO,Healthcare
MRK,Healthcare
MRNA,Healthcare
MRNS,Healthcare
MRO,Energy
MRSN,Healthcare
MRUS,Healthcare
MRVI,Healthcare
MRVL,Technology
MS,Financial Services
MSAI,Industrials
MSCI,Financial Services
MSFT,Technology
MSGE,Consumer Cyclical
MSI,Technology
MSM,Industrials
MSTR,Technology
MT,Basic Materials
MTA,Basic Materials
MTB,Financial Services
MTC,Technology
MTCH,Communication Services
MTDR,Energy
MTG,Financial Services
MTN,Consumer Cyclical
MTSI,Technology
MTTR,Technology
MTZ,Industrials
MU,Technology
MUC,Financial Services
MUFG,Financial Services
MULN,Consumer Cyclical
MUR,Energy
MUX,Basic Materials
MVIS,Technology
MVST,Industrials
MWA,Industrials
MX,Technology
MXCT,Healthcare
MXL,Technology
MYGN,Healthcare
MYO,Healthcare
NAAS,Consumer Cyclical
NABL,Technology
NAC,Financial Services
NAD,Financial Services
NAPA,Consumer Defensive
NARI,Healthcare
NAT,Industrials
NAVI,Financial Services
NBIX,Healthcare
NCLH,Consumer Cyclical
NCMI,Communication Services
NCNO,Technology
NCV,Financial Services
NCZ,Financial Services
NDAQ,Financial Services
NE,Energy
NEA,Financial Services
NEE,Utilities
NEM,Basic Materials
NEO,Healthcare
NEOG,Healthcare
NEP,Utilities
NET,Technology
NEXI,Healthcare
NEXT,Energy
NFE,Utilities
NFG,Energy
NFLX,Communication Services
NG,Basic Materials
NGD,Basic Materials
NGG,Utilities
NGL,Energy
NGM,Healthcare
NI,Utilities
NINE,Energy
NIO,Consumer Cyclical
NIU,Consumer Cyclical
NJR,Utilities
NKE,Consumer Cyclical
NKTX,Healthcare
NLY,Real Estate
NMFC,Financial Services
NMIH,Financial Services
NMR,Financial Services
NMRK,Real Estate
NMZ,Financial Services
NN,Technology
NNDM,Technology
NNN,Real Estate
NNOX,Healthcare
NOC,Industrials
NOG,Energy
NOK,Technology
NOMD,Consumer Defensive
NOTE,Technology
NOV,Energy
NOVA,Technology
NOW,Technology
NR,Energy
NRDY,Technology
NRG,Utilities
NRGV,Utilities
NRIX,Healthcare
NS,Energy
NSA,Real Estate
NSC,Industrials
NTAP,Technology
NTCO,Consumer Defensive
NTCT,Technology
NTES,Communication Services
NTLA,Healthcare
NTNX,Technology
NTR,Basic Materials
NTRA,Healthcare
NTRS,Financial Services
NTST,Real Estate
NU,Financial Services
NUE,Basic Materials
NUS,Consumer Defensive
NUV,Financial Services
NUVB,Healthcare
NUVL,Healthcare
NVAX,Healthcare
NVCR,Healthcare
NVDA,Technology
NVEI,Technology
NVFY,Consumer Cyclical
NVG,Financial Services
NVNI,Technology
NVO,Healthcare
NVRI,Industrials
NVRO,Healthcare
NVS,Healthcare
NVST,Healthcare
NVT,Industrials
NVTS,Technology
NVVE,Consumer Cyclical
NWBI,Financial Services
NWE,Utilities
NWG,Financial Services
NWL,Consumer Defensive
NWS,Communication Services
NWSA,Communication Services
NXE,Energy
NXPI,Technology
NXT,Technology
NXTP,Technology
NXU,Industrials
NYCB,Financial Services
NYMT,Real Estate
NYT,Communication Services
NZF,Financial Services
O,Real Estate
OABI,Healthcare
OBDC,Financial Services
OBE,Energy
OC,Industrials
OCSL,Financial Services
OCUL,Healthcare
ODD,Technology
ODFL,Industrials
OEC,Basic Materials
OFIX,Healthcare
OGE,Utilities
OGI,Healthcare
OGN,Healthcare
OGS,Utilities
OHI,Real Estate
OI,Consumer Cyclical
OII,Energy
OIS,Energy
OKE,Energy
OKTA,Technology
OLK,Healthcare
OLLI,Consumer Defensive
OLMA,Healthcare
OLN,Basic Materials
OLO,Technology
OLPX,Consumer Cyclical
OM,Healthcare
OMC,Communication Services
OMCL,Healthcare
OMER,Healthcare
OMF,Financial Services
OMGA,Healthcare
OMI,Healthcare
ON,Technology
ONB,Financial Services
ONCY,Healthcare
ONL,Real Estate
ONON,Consumer Cyclical
ONTO,Technology
OPCH,Healthcare
OPEN,Real Estate
OPFI,Financial Services
OPI,Real Estate
OPRA,Communication Services
OPRT,Financial Services
OPTN,Healthcare
OR,Basic Materials
ORA,Utilities
ORC,Real Estate
ORCL,Technology
ORGO,Healthcare
ORI,Financial Services
ORIC,Healthcare
ORLA,Basic Materials
ORLY,Consumer Cyclical
OSCR,Healthcare
OSG,Energy
OSK,Industrials
OSPN,Technology
OSUR,Healthcare
OSW,Consumer Cyclical
OTEX,Technology
OTIS,Industrials
OUST,Technology
OUT,Real Estate
OVV,Energy
OWL,Financial Services
OXLC,Financial Services
OXY,Energy
OZK,Financial Services
PAA,Energy
PAAS,Basic Materials
PACB,Healthcare
PACK,Consumer Cyclical
PAGP,Energy
PAGS,Technology
PANL,Industrials
PANW,Technology
PARA,Communication Services
PARR,Energy
PATH,Technology
PAYC,Technology
PAYO,Technology
PAYX,Industrials
PB,Financial Services
PBA,Energy
PBF,Energy
PBI,Industrials
PBLA,Healthcare
PBR,Energy
PBYI,Healthcare
PCAR,Industrials
PCG,Utilities
PCH,Real Estate
PCOR,Technology
PCRX,Healthcare
PCSA,Healthcare
PCT,Industrials
PCTY,Technology
PCVX,Healthcare
PD,Technology
PDCO,Healthcare
PDD,Consumer Cyclical
PDI,Financial Services
PDM,Real Estate
PDO,Basic Materials
PDSB,Healthcare
PEAK,Real Estate
PEB,Real Estate
PECO,Real Estate
PEG,Utilities
PENN,Consumer Cyclical
PEP,Consumer Defensive
PETS,Healthcare
PFE,Healthcare
PFG,Financial Services
PFGC,Consumer Defensive
PFLT,Financial Services
PFS,Financial Services
PG,Consumer Defensive
PGEN,Healthcare
PGNY,Healthcare
PGR,Financial Services
PGRE,Real Estate
PGTI,Industrials
PGY,Technology
PH,Industrials
PHAT,Healthcare
PHG,Healthcare
PHIN,Consumer Cyclical
PHK,Financial Services
PHM,Consumer Cyclical
PHR,Healthcare
PI,Technology
PII,Consumer Cyclical
PIII,Healthcare
PINC,Healthcare
PINS,Communication Services
PJT,Financial Services
PK,Real Estate
PKG,Consumer Cyclical
PL,Industrials
PLAB,Technology
PLAY,Communication Services
PLCE,Consumer Cyclical
PLD,Real Estate
PLL,Basic Materials
PLNT,Consumer Cyclical
PLRX,Healthcare
PLTK,Communication Services
PLTR,Technology
PLUG,Industrials
PLYA,Consumer Cyclical
PM,Consumer Defensive
PMT,Real Estate
PMVP,Healthcare
PNC,Financial Services
PNFP,Financial Services
PNM,Utilities
PNNT,Financial Services
PNR,Industrials
PNW,Utilities
PODD,Healthcare
POL,Consumer Cyclical
POR,Utilities
POST,Consumer Defensive
POWI,Technology
POWW,Industrials
PPBI,Financial Services
PPC,Consumer Defensive
PPG,Basic Materials
PPL,Utilities
PR,Energy
PRCH,Technology
PRCT,Healthcare
PRDO,Consumer Defensive
PRG,Industrials
PRGO,Healthcare
PRIM,Industrials
PRM,Basic Materials
PRME,Healthcare
PRMW,Consumer Defensive
PROK,Healthcare
PRQR,Healthcare
PRTA,Healthcare
PRTS,Consumer Cyclical
PRU,Financial Services
PRVA,Healthcare
PSA,Real Estate
PSEC,Financial Services
PSFE,Technology
PSN,Technology
PSNL,Healthcare
PSNY,Consumer Cyclical
PSTG,Technology
PSTX,Healthcare
PSX,Energy
PTC,Technology
PTCT,Healthcare
PTEN,Energy
PTGX,Healthcare
PTLO,Consumer Cyclical
PTN,Healthcare
PTON,Consumer Cyclical
PTPI,Healthcare
PTVE,Consumer Cyclical
PTY,Financial Services
PUK,Financial Services
PUMP,Energy
PVH,Consumer Cyclical
PWR,Industrials
PWSC,Technology
PX,Financial Services
PXD,Energy
PYCR,Technology
PYPL,Financial Services
PYXS,Healthcare
PZZA,Consumer Cyclical
QCOM,Technology
QD,Financial Services
QDEL,Healthcare
QFIN,Financial Services
QGEN,Healthcare
QLYS,Technology
QNST,Communication Services
QRVO,Technology
QS,Consumer Cyclical
QSI,Healthcare
QSR,Consumer Cyclical
QTWO,Technology
QURE,Healthcare
RA,Financial Services
RACE,Consumer Cyclical
RAIN,Healthcare
RAMP,Technology
RAPT,Healthcare
RARE,Healthcare
RBA,Industrials
RBBN,Communication Services
RBLX,Communication Services
RC,Real Estate
RCI,Communication Services
RCKT,Healthcare
RCL,Consumer Cyclical
RCM,Healthcare
RCUS,Healthcare
RDFN,Real Estate
RDN,Financial Services
RDNT,Healthcare
REAL,Consumer Cyclical
REG,Real Estate
REGN,Healthcare
REI,Energy
REKR,Technology
RELX,Industrials
RELY,Technology
REPL,Healthcare
RES,Energy
REXR,Real Estate
REZI,Industrials
RF,Financial Services
RGEN,Healthcare
RGNX,Healthcare
RGTI,Technology
RH,Consumer Cyclical
RHI,Industrials
RHP,Real Estate
RIG,Energy
RIGL,Healthcare
RILY,Financial Services
RIO,Basic Materials
RIOT,Financial Services
RITM,Real Estate
RIVN,Consumer Cyclical
RJF,Financial Services
RKLB,Industrials
RKT,Financial Services
RL,Consumer Cyclical
RLAY,Healthcare
RLJ,Real Estate
RLX,Consumer Defensive
RMBS,Technology
RMCO,Financial Services
RMD,Healthcare
RMNI,Technology
RNA,Healthcare
RNAZ,Healthcare
RNG,Technology
RNR,Financial Services
RNW,Utilities
ROIC,Real Estate
ROIV,Healthcare
ROK,Industrials
ROKU,Communication Services
ROL,Consumer Cyclical
ROP,Technology
ROST,Consumer Cyclical
ROVR,Communication Services
RPAY,Technology
RPD,Technology
RPHM,Healthcare
RPM,Basic Materials
RPRX,Healthcare
RQI,Financial Services
RRC,Energy
RRR,Consumer Cyclical
RRX,Industrials
RSG,Industrials
RSI,Consumer Cyclical
RSKD,Technology
RTO,Industrials
RTX,Industrials
RUM,Technology
RUN,Technology
RUSHA,Consumer Cyclical
RVLV,Consumer Cyclical
RVMD,Healthcare
RVNC,Healthcare
RVPH,Healthcare
RVSN,Industrials
RVTY,Healthcare
RWT,Real Estate
RXO,Industrials
RXRX,Healthcare
RXST,Healthcare
RXT,Technology
RY,Financial Services
RYAAY,Industrials
RYAM,Basic Materials
RYAN,Financial Services
RYN,Real Estate
RYTM,Healthcare
S,Technology
SA,Basic Materials
SABA,Financial Services
SABR,Consumer Cyclical
SACH,Real Estate
SAFE,Real Estate
SAGE,Healthcare
SAN,Financial Services
SANA,Healthcare
SAND,Basic Materials
SANM,Technology
SAP,Technology
SASI,Technology
SATS,Technology
SAVA,Healthcare
SAVE,Industrials
SB,Industrials
SBAC,Real Estate
SBCF,Financial Services
SBGI,Communication Services
SBH,Consumer Cyclical
SBLK,Industrials
SBOW,Energy
SBRA,Real Estate
SBS,Utilities
SBSW,Basic Materials
SBUX,Consumer Cyclical
SCCO,Basic Materials
SCHW,Financial Services
SCI,Consumer Cyclical
SCLX,Healthcare
SCPH,Healthcare
SCRM,Financial Services
SCS,Industrials
SD,Energy
SDA,Consumer Cyclical
SDGR,Healthcare
SDIG,Financial Services
SDRL,Energy
SE,Consumer Cyclical
SEAS,Consumer Cyclical
SEAT,Communication Services
SEDG,Technology
SEE,Consumer Cyclical
SEEL,Healthcare
SEER,Healthcare
SEIC,Financial Services
SEM,Healthcare
SEMR,Technology
SERA,Healthcare
SES,Consumer Cyclical
SF,Financial Services
SFIX,Consumer Cyclical
SFL,Industrials
SFM,Consumer Defensive
SFNC,Financial Services
SFWL,Industrials
SG,Consumer Cyclical
SGH,Technology
SGHC,Consumer Cyclical
SGHT,Healthcare
SGML,Basic Materials
SGMT,Healthcare
SGRY,Healthcare
SHAK,Consumer Cyclical
SHC,Healthcare
SHCR,Healthcare
SHEL,Energy
SHLS,Technology
SHO,Real Estate
SHOO,Consumer Cyclical
SHOP,Technology
SHOT,Consumer Defensive
SHW,Basic Materials
SIBN,Healthcare
SID,Basic Materials
SIDU,Industrials
SIG,Consumer Cyclical
SIGA,Healthcare
SILK,Healthcare
SILV,Basic Materials
SIMO,Technology
SIRI,Communication Services
SITC,Real Estate
SIX,Consumer Cyclical
SJM,Consumer Defensive
SJT,Energy
SKIN,Consumer Defensive
SKM,Communication Services
SKT,Real Estate
SKWD,Financial Services
SKX,Consumer Cyclical
SKYW,Industrials
SLAB,Technology
SLB,Energy
SLCA,Energy
SLDB,Healthcare
SLDP,Industrials
SLF,Financial Services
SLG,Real Estate
SLGN,Consumer Cyclical
SLI,Basic Materials
SLM,Financial Services
SLNO,Healthcare
SLQT,Financial Services
SLRN,Healthcare
SLVM,Basic Materials
SM,Energy
SMAR,Technology
SMCI,Technology
SMFG,Financial Services
SMFL,Consumer Defensive
SMG,Basic Materials
SMMT,Healthcare
SMPL,Consumer Defensive
SMR,Industrials
SMRT,Technology
SMTC,Technology
SN,Consumer Cyclical
SNAP,Communication Services
SNBR,Consumer Cyclical
SNCY,Industrials
SNDL,Consumer Defensive
SNDR,Industrials
SNDX,Healthcare
SNN,Healthcare
SNOW,Technology
SNPS,Technology
SNTG,Financial Services
SNV,Financial Services
SNX,Technology
SNY,Healthcare
SO,Utilities
SOFI,Financial Services
SOI,Energy
SOL,Technology
SON,Consumer Cyclical
SONO,Technology
SONY,Technology
SOUN,Technology
SOVO,Consumer Defensive
SPB,Consumer Defensive
SPCE,Industrials
SPEC,Industrials
SPG,Real Estate
SPGI,Financial Services
SPH,Utilities
SPHR,Communication Services
SPLK,Technology
SPNT,Financial Services
SPOT,Communication Services
SPR,Industrials
SPRC,Healthcare
SPRY,Healthcare
SPT,Technology
SPWH,Consumer Cyclical
SPWR,Technology
SQ,Technology
SQM,Basic Materials
SQSP,Technology
SR,Utilities
SRCL,Industrials
SRE,Utilities
SRG,Real Estate
SRPT,Healthcare
SRRK,Healthcare
SSB,Financial Services
SSL,Basic Materials
SSNC,Technology
SSNT,Technology
SSRM,Basic Materials
SSTK,Communication Services
SSYS,Technology
ST,Technology
STAA,Healthcare
STAG,Real Estate
STE,Healthcare
STEM,Technology
STGW,Communication Services
STKL,Consumer Defensive
STLA,Consumer Cyclical
STLD,Basic Materials
STM,Technology
STNE,Technology
STNG,Energy
STR,Energy
STRL,Industrials
STRO,Healthcare
STT,Financial Services
STTK,Healthcare
STWD,Real Estate
STX,Technology
STZ,Consumer Defensive
SU,Energy
SUI,Real Estate
SUM,Basic Materials
SUN,Energy
SUPN,Healthcare
SUPV,Financial Services
SURG,Technology
SUZ,Basic Materials
SVC,Real Estate
SVFD,Basic Materials
SVM,Basic Materials
SVRA,Healthcare
SVV,Consumer Cyclical
SWAV,Healthcare
SWBI,Industrials
SWI,Technology
SWIM,Industrials
SWK,Industrials
SWKS,Technology
SWN,Energy
SWTX,Healthcare
SWX,Utilities
SXC,Basic Materials
SXTC,Healthcare
SYF,Financial Services
SYK,Healthcare
SYM,Industrials
SYRS,Healthcare
SYY,Consumer Defensive
T,Communication Services
TAC,Utilities
TAK,Healthcare
TAL,Consumer Defensive
TALK,Healthcare
TALO,Energy
TAP,Consumer Defensive
TARS,Healthcare
TAST,Consumer Cyclical
TBBK,Financial Services
TBLA,Communication Services
TBPH,Healthcare
TCBI,Financial Services
TCBP,Healthcare
TCJH,Financial Services
TCN,Real Estate
TCOM,Consumer Cyclical
TCPC,Financial Services
TD,Financial Services
TDC,Technology
TDOC,Healthcare
TDS,Communication Services
TDUP,Consumer Cyclical
TDW,Energy
TEAM,Technology
TECH,Healthcare
TECK,Basic Materials
TEF,Communication Services
TEL,Technology
TENB,Technology
TER,Technology
TERN,Healthcare
TEVA,Healthcare
TEX,Industrials
TFC,Financial Services
TFSL,Financial Services
TGAN,Technology
TGB,Basic Materials
TGH,Industrials
TGI,Industrials
TGNA,Communication Services
TGT,Consumer Defensive
TGTX,Healthcare
TH,Industrials
THC,Healthcare
THO,Consumer Cyclical
THRX,Healthcare
THS,Consumer Defensive
TIGR,Financial Services
TIMB,Communication Services
TJX,Consumer Cyclical
TK,Energy
TKC,Communication Services
TKO,Communication Services
TKR,Industrials
TLRY,Healthcare
TLS,Technology
TMC,Basic Materials
TMCI,Healthcare
TMDX,Healthcare
TME,Communication Services
TMHC,Consumer Cyclical
TMO,Healthcare
TMUS,Communication Services
TNDM,Healthcare
TNGX,Healthcare
TNK,Energy
TNL,Consumer Cyclical
TNYA,Healthcare
TOL,Consumer Cyclical
TOST,Technology
TPG,Financial Services
TPH,Consumer Cyclical
TPIC,Industrials
TPR,Consumer Cyclical
TPST,Healthcare
TPX,Consumer Cyclical
TREE,Financial Services
TREX,Industrials
TRGP,Energy
TRIN,Financial Services
TRIP,Consumer Cyclical
TRMB,Technology
TRMD,Energy
TRN,Industrials
TRNO,Real Estate
TROW,Financial Services
TROX,Basic Materials
TRP,Energy
TRTX,Real Estate
TRU,Industrials
TRUP,Financial Services
TRV,Financial Services
TRVI,Healthcare
TS,Energy
TSCO,Consumer Cyclical
TSE,Basic Materials
TSEM,Technology
TSHA,Healthcare
TSLA,Consumer Cyclical
TSM,Technology
TSN,Consumer Defensive
TSVT,Healthcare
TT,Industrials
TTC,Industrials
TTD,Technology
TTE,Energy
TTI,Energy
TTMI,Technology
TTWO,Communication Services
TU,Communication Services
TUP,Consumer Cyclical
TUYA,Technology
TV,Communication Services
TVTX,Healthcare
TW,Financial Services
TWKS,Technology
TWLO,Communication Services
TWO,Real Estate
TWST,Healthcare
TXG,Healthcare
TXN,Technology
TXRH,Consumer Cyclical
TXT,Industrials
U,Technology
UA,Consumer Cyclical
UAA,Consumer Cyclical
UAL,Industrials
UBER,Technology
UBS,Financial Services
UBSI,Financial Services
UCBI,Financial Services
UDMY,Consumer Defensive
UDR,Real Estate
UE,Real Estate
UEC,Energy
UGI,Utilities
UGP,Energy
UHS,Healthcare
UIS,Technology
UL,Consumer Defensive
ULCC,Industrials
ULTA,Consumer Cyclical
UMC,Technology
UMH,Real Estate
UNFI,Consumer Defensive
UNH,Healthcare
UNIT,Real Estate
UNM,Financial Services
UNP,Industrials
UP,Industrials
UPBD,Technology
UPS,Industrials
UPST,Financial Services
UPWK,Industrials
URBN,Consumer Cyclical
URG,Energy
URI,Industrials
UROY,Energy
USA,Financial Services
USAC,Energy
USB,Financial Services
USFD,Consumer Defensive
UTHR,Healthcare
UTI,Consumer Defensive
UTZ,Consumer Defensive
UUUU,Energy
UWMC,Financial Services
V,Financial Services
VAC,Consumer Cyclical
VAL,Energy
VALE,Basic Materials
VBTX,Financial Services
VCEL,Healthcare
VCTR,Financial Services
VCYT,Healthcare
VECO,Technology
VEEV,Healthcare
VERA,Healthcare
VERV,Healthcare
VERX,Technology
VET,Energy
VFC,Consumer Cyclical
VFS,Consumer Cyclical
VGR,Consumer Defensive
VIAV,Technology
VICI,Real Estate
VIEW,Industrials
VIPS,Consumer Cyclical
VIR,Healthcare
VIRT,Financial Services
VIST,Energy
VIV,Communication Services
VKTX,Healthcare
VLO,Energy
VLRS,Industrials
VLY,Financial Services
VMC,Basic Materials
VMEO,Technology
VMO,Financial Services
VNDA,Healthcare
VNET,Technology
VNO,Real Estate
VNOM,Energy
VNT,Technology
VOD,Communication Services
VOYA,Financial Services
VRA,Consumer Cyclical
VRCA,Healthcare
VRDN,Healthcare
VRE,Real Estate
VREX,Healthcare
VRME,Industrials
VRNA,Healthcare
VRNS,Technology
VRNT,Technology
VRRM,Industrials
VRSK,Industrials
VRSN,Technology
VRT,Industrials
VRTX,Healthcare
VSAT,Technology
VSCO,Consumer Cyclical
VSH,Technology
VST,Utilities
VSTO,Consumer Cyclical
VTGN,Healthcare
VTLE,Energy
VTNR,Energy
VTR,Real Estate
VTRS,Healthcare
VTYX,Healthcare
VUZI,Technology
VVOS,Healthcare
VVR,Financial Services
VVV,Energy
VYGR,Healthcare
VYX,Technology
VZIO,Technology
VZLA,Basic Materials
W,Consumer Cyclical
WAB,Industrials
WAFD,Financial Services
WAL,Financial Services
WAT,Healthcare
WB,Communication Services
WBA,Healthcare
WBD,Communication Services
WBS,Financial Services
WBX,Technology
WCN,Industrials
WDAY,Technology
WDC,Technology
WDS,Energy
WEC,Utilities
WELL,Real Estate
WEN,Consumer Cyclical
WERN,Industrials
WES,Energy
WFC,Financial Services
WFRD,Energy
WGO,Consumer Cyclical
WH,Consumer Cyclical
WHD,Energy
WHR,Consumer Cyclical
WING,Consumer Cyclical
WISH,Consumer Cyclical
WIT,Technology
WIX,Technology
WK,Technology
WKC,Energy
WLY,Communication Services
WM,Industrials
WMB,Energy
WMG,Communication Services
WMS,Industrials
WMT,Consumer Defensive
WNC,Industrials
WOLF,Technology
WOOF,Consumer Cyclical
WOR,Industrials
WOW,Communication Services
WPC,Real Estate
WPM,Basic Materials
WRAP,Technology
WRB,Financial Services
WRBY,Healthcare
WRK,Consumer Cyclical
WSC,Industrials
WSM,Consumer Cyclical
WSR,Real Estate
WST,Healthcare
WT,Financial Services
WTFC,Financial Services
WTI,Energy
WTRG,Utilities
WTTR,Basic Materials
WTW,Financial Services
WU,Financial Services
WULF,Financial Services
WVE,Healthcare
WW,Consumer Cyclical
WWD,Industrials
WWW,Consumer Cyclical
WY,Real Estate
WYNN,Consumer Cyclical
X,Basic Materials
XAIR,Healthcare
XEL,Utilities
XENE,Healthcare
XERS,Healthcare
XHR,Real Estate
XMTR,Industrials
XNCR,Healthcare
XOM,Energy
XP,Financial Services
XPER,Technology
XPEV,Consumer Cyclical
XPO,Industrials
XPOF,Consumer Cyclical
XPRO,Energy
XRAY,Healthcare
XRX,Technology
XYL,Industrials
YALA,Technology
YELP,Communication Services
YETI,Consumer Cyclical
YEXT,Technology
YMM,Technology
YOU,Technology
YPF,Energy
YUM,Consumer Cyclical
YUMC,Consumer Cyclical
YY,Communication Services
Z,Communication Services
ZBH,Healthcare
ZBRA,Technology
ZCAR,ERROR
ZETA,Technology
ZG,Communication Services
ZGN,Consumer Cyclical
ZI,Technology
ZIM,Industrials
ZIMV,Healthcare
ZION,Financial Services
ZIP,Industrials
ZLAB,Healthcare
ZM,Technology
ZNTL,Healthcare
ZS,Technology
ZTO,Industrials
ZTS,Healthcare
ZUO,Technology
ZWS,Industrials
ZYME,Healthcare
